{"last_tab":"0","logo_svg":"1","scrollup":"1","catalog_mode":"0","shop_jumbotron_id":"699","product_archive_enabled_views":{"enabled":{"placebo":"placebo","list":"List","grid":"Grid"},"disabled":{"placebo":"placebo"}},"shop_layout":"left-sidebar","shop_bottom_jumbotron_id":"1443","subcategory_columns":"3","enable_related_products":"1","myaccount_register_benefits_title":"Sign up today and you will be able to :","myaccount_register_benefits_text":"Tokoo Buyer Protection has you covered from click to delivery. Sign up or sign in and you will be able to:","myaccount_register_benefits":["Speed your way through checkout","Track your orders easily","Keep a record of all your purchases"],"myaccount_register_banner_icon":"fa flaticon-megaphone","myaccount_register_banner_title":"Get your free $50.00!","myaccount_register_banner_text":"Lorem Ipsum is simply dummy text of the printing and typesetting industry. Lorem Ipsum has been the industry standard","header_top_bar_show":"1","header_style":"v1","sticky_header":"0","header_departments_menu_icon":"flaticon-list","header_departments_menu_title":"Categories","header_navbar_search_placeholder":"What are you looking for ?","header_live_search":"0","header_cart_icon":"flaticon-shopping-cart","header_cart_dropdown_disable":"0","header_user_account_enable":"1","header_user_account_icon":"flaticon-social","header_user_account_logged_in_menu":"0","footer_feature_list_show":"1","footer_feature_list_icon":["flaticon-security","flaticon-wallet","flaticon-support","flaticon-shipped","flaticon-price-tag","flaticon-system"],"footer_feature_list_text":["100% Payment <br>Secured","Support lots <br>of Payments","24hours/7days <br>Support","Free Delivery <br>with $50","Best Price <br>Guaranteed","Mobile Apps<br> Ready"],"footer_style":"v1","show_footer_logo":"1","site_footer_logo":{"url":"","id":"","height":"","width":"","thumbnail":"","title":"","caption":"","alt":"","description":""},"footer_text":"Easy and trusted online shop in California","show_footer_social_icons":"1","footer_social_icons_text":"Follow us on :","show_footer_widgets":"1","footer_bottom_bar_enable":"1","footer_payment_icons_enable":"1","footer_payment_text":"We are accept","footer_payment_icons":"","footer_copyright":"&copy; Copyright 2018 <a href=\"https://try.chethemes.com/tokoo/\">Tokoo</a> - All Rights Reserved","blog_view":"blog-grid","blog_layout":"full-width","single_post_layout":"full-width","show_blog_post_author_info":"1","facebook":"#","twitter":"#","whatsapp-mobile":"","whatsapp-desktop":"","googleplus":"#","pinterest":"","linkedin":"#","tumblr":"","instagram":"#","youtube":"","vimeo":"","dribbble":"","stumbleupon":"","soundcloud":"","vine":"","vk":"","telegram":"","show_footer_rss_icon":"0","use_predefined_color":"1","main_color":"green","custom_primary_color":"#45b44d","custom_primary_text_color":"#ffffff","include_custom_color":"1","use_predefined_font":"1","tokoo_title_font":{"font-family":"Oswald","font-options":"","google":"1","font-weight":"","font-style":"","subsets":"latin"},"tokoo_content_font":{"font-family":"Open Sans","font-options":"","google":"1","subsets":"latin"},"shop_general_info_start":"","shop_general_info_end":"","product_archive_page_start":"","product_archive_page_end":"","product_single_page_start":"","product_single_page_end":"","myaccount_page_start":"","myaccount_page_end":"","top_bar_start":"","top_bar_end":"","masthead_start":"","masthead_end":"","header_search_start":"","header_search_end":"","header_cart_start":"","header_cart_end":"","header_user_account_start":"","header_user_account_end":"","footer_style_start":"","footer_style_end":"","footer_logo_block_start":"","footer_logo_block_end":"","footer_social_icons_block_start":"","footer_social_icons_block_end":"","footer_widgets_start":"","footer_widgets_end":"","footer_bottom_bar_start":"","footer_bottom_bar_end":"","styling_general_info_start":"","styling_general_info_end":"","redux_import_export":"","redux-backup":1}